<configs>

<conditional>
	<!-- Check to make sure Simple UI is not installed first to avoid conflicts -->
	<if cond="mod_loaded('RW_SimpleUI') == 'false'">

		<!-- Adjust pack mule perk for the increased number of encumbered slots -->
		<!-- Each rank will unlock three rows of encumbered slots -->
		<set xpath="/progression/perks/perk[@name='perkPackMule']/effect_group/passive_effect[@name='CarryCapacity']/@value">27,54,81,108,135</set>

		<!-- Adjust Firemans Almanac book perk for the increased number of encumbered slots (set to max number of encumbered slots by default) -->
		<set xpath="/progression/perks/book[@name='perkFiremansAlmanacComplete']/effect_group/passive_effect[@name='CarryCapacity']/@value">135</set>

		<!-- Adjust Night Stalker book perk for the increased number of encumbered slots (set to max number of encumbered slots by default) -->
		<set xpath="/progression/perks/book[@name='perkNightStalkerThiefAdrenaline']/effect_group/passive_effect[@name='CarryCapacity']/@value">135</set>

		<!-- Fix for twitch encumbered debuff so the completed Firemans Almanac perk doesn't override it -->
		<insertAfter xpath="/progression/perks/book[@name='perkFiremansAlmanacComplete']//requirement[@name='InBiome']">
				<requirement name="!HasBuff" buff="twitch_buffEncumbered"/>
		</insertAfter>

	</if>
</conditional>

</configs>