<configs>
	<append xpath="/windows">
		<!-- Left HUD - Temp, Stamina, Health, Food and Water -->
		<window name="S420HUDLeftStatBars">
			<rect name="hud" pos="9,147" rows="2" cols="1" width="168" side="right">
				<rect width="171" height="43" pos="0,94" controller="HUDStatBar" stat_type="Stealth" visible="{statvisible}">
					<sprite depth="1" name="border" color="0,0,0,150" height="43" type="sliced" />
					<sprite depth="2" name="background" color="0,0,0,140" type="sliced" />

					<filledsprite depth="3" name="background" color="110,110,110,128" type="filled" fill="1" />

					<filledsprite depth="4" name="BarContent" color="{stealthcolor}" type="filled" fill="0" />
					<sprite depth="5" name="Icon" atlas="{staticonatlas|once}" sprite="{staticon|once}" size="32,32" pos="8,-6" foregroundlayer="true"/>
					<label depth="6" name="TextContent" pos="0,-8" font_size="28" color="[white]" justify="center" pivot="topleft" text="{statcurrent}" height="30"/>

					<sprite depth="8" name="border" color="0,0,0,255" height="43" type="sliced" fillcenter="false"/>
					<filledsprite depth="8" name="background" color="0,0,0,255" width="171" fillcenter="false" type="filled" fill="1" />
					<filledsprite depth="3" name="background" color="0,0,0,255" width="170" fillcenter="false" type="filled" fill="1" />
				</rect>
				
				<rect width="171" height="43" pos="0,47" controller="HUDStatBar" stat_type="Stamina" visible="{statvisible}">
					<sprite depth="1" name="border" color="0,0,0,100" height="43" type="sliced"/>
					<sprite depth="2" pos="3,-3"  name="background" height="37" width="169" color="64,64,64,100" type="sliced" />
					<sprite depth="4" name="Icon" sprite="ui_game_symbol_temperature" size="32,32" pos="8,-6" foregroundlayer="true"/>
					<label depth="6" name="TextContent" pos="0,-10" font_size="28" color="[white]" justify="center" pivot="topleft" text="{playercoretemp}" height="30" controller="PlayerStatsWindow" effect="outline" />
				</rect>

				<rect width="171" height="43" controller="HUDStatBar" stat_type="Stamina" visible="{statvisible}">
					<sprite depth="1" name="border" color="0,0,0,128" type="sliced"/>
					<sprite depth="2" name="background" color="0,0,0,140" type="sliced" />

					<filledsprite depth="3" name="background" color="110,110,110,128" width="169" type="filled" fill="{statmodifiedmax}" />

					<filledsprite depth="5" name="BarContent" color="0,54,255,128" width="169" type="filled" fill="0"  />
					<sprite depth="6" name="Icon" atlas="{staticonatlas|once}" sprite="ui_game_symbol_agility" size="32,32" pos="8,-6" foregroundlayer="true"/>
					<label depth="7" name="TextContent" pos="0,-8" font_size="28" color="[white]" justify="center" pivot="topleft" text="{statcurrentwithmax}" height="30"/>

					<sprite depth="8" name="border" color="0,0,0,255" type="sliced" fillcenter="false"/>
					<filledsprite depth="8" name="background" color="0,0,0,255" width="171" fillcenter="false" type="filled" fill="{statmodifiedmax}" />
					<filledsprite depth="3" name="background" color="0,0,0,255" width="170" fillcenter="false" type="filled" fill="{statmodifiedmax}" />
				</rect>



				<rect width="171" height="43" pos="0,-47" controller="HUDStatBar" stat_type="Health" visible="{statvisible}">
					<sprite depth="1" name="border" color="0,0,0,128" type="sliced"/>

					<sprite depth="2" name="background" color="0,0,0,140" type="sliced" />
					<filledsprite depth="3" name="background" color="110,110,110,128" width="169" type="filled" fill="{statmodifiedmax}" />

					<filledsprite depth="5" name="BarContent" color="255,0,0,128" width="169" type="filled" fill="0" />
					<sprite depth="6" name="Icon" atlas="{staticonatlas|once}" sprite="{staticon|once}" size="32,32" pos="8,-6" foregroundlayer="true"/>
					<label depth="7" name="TextContent" pos="0,-8" font_size="28" color="[white]" justify="center" pivot="topleft" text="{statcurrentwithmax}" height="30"/>

					<sprite depth="8" name="border" color="0,0,0,255" type="sliced" fillcenter="false"/>
					<filledsprite depth="8" name="background" color="0,0,0,255" width="171" fillcenter="false" type="filled" fill="{statmodifiedmax}" />
					<filledsprite depth="3" name="background" color="0,0,0,255" width="170" fillcenter="false" type="filled" fill="{statmodifiedmax}" />
				</rect>

				<rect controller="CharacterFrameWindow" >
					<panel name="header" height="10" depth="1" pos="9999,9999" backgroundspritename="ui_game_panel_header">
						<label depth="2" name="characterName" pos="42,-6" width="150" height="32" text="" font_size="32"/>
						<label depth="2" name="levelNumber" pos="240,-10" width="80" height="28" text="" color="[lightGrey]"/>
					</panel>
					<rect visible="{showcharacter}" pos="9999,9999" >
						<panel name="previewFrame" depth="0" pos="0,0" width="10" on_press="true" on_hover="true" disableautobackground="true" snap="false">
							<rect>
								<texture depth="2" name="playerPreview" material="Materials/Transparent Colored" size="8,8" globalopacity="false"/>
							</rect>
						</panel>
					</rect>
					<rect depth="2" name="searchControls" width="327" height="43" pos="185,-124">
						<button depth="4" name="characterButton" style="icon22px, press" pos="0,0" color="[white]" sprite="ui_game_symbol_ping" pivot="center" tooltip="Default - Current Amount Only without overfill" sound="[paging_click]" selected="true"  visible="{showcore}"/>
						
						<button depth="4" name="statButton" style="icon22px, press" pos="0,0" color="[white]" sprite="ui_game_symbol_ping" pivot="center" tooltip="Detailed - Current And Max Amounts including overfill" sound="[paging_click]" visible="{showcharacter}" />
						
						<button depth="4" name="coreStatButton" style="icon22px, press" pos="0,0" color="[white]" sprite="ui_game_symbol_ping" pivot="center" tooltip="Water Bar Only" sound="[paging_click]" visible="{showstats}"/>	
					</rect>
					
					<rect name="rect_Default" visible="{showcharacter}">
						<grid name="hud" pos="0,-94" rows="1" cols="2" width="171" cell_width="85" cell_height="46" repeat_content="false" side="left" >
							<rect width="84" height="43" controller="HUDStatBar" stat_type="Food" visible="{statvisible}">
								<sprite depth="1" name="border" color="0,0,0,100" height="43" type="sliced"/>
								<sprite depth="2" pos="3,-3"  name="background" height="37" width="81" color="64,64,64,100" type="sliced" />
								<sprite depth="3" pos="3,-3"  color="0,128,0,150" type="filled" height="37" width="79" fill="{playerfoodfill}" controller="PlayerStatsWindow" />
								<sprite depth="4" name="Icon" atlas="{staticonatlas|once}" sprite="{staticon|once}" size="32,32" pos="4,-6" foregroundlayer="true"/>
								<label depth="6" name="TextContent" pos="15,-8" font_size="28" color="[white]" justify="center" pivot="topleft" text="{playerfood}" height="30" controller="PlayerStatsWindow"/>
							</rect>

							<rect width="84" height="43" controller="HUDStatBar" stat_type="Water" visible="{statvisible}">
								<sprite depth="1" name="border" color="0,0,0,100" height="43" width="84" type="sliced" />
								<sprite depth="2" pos="3,-3"  name="background" height="37" width="81" color="64,64,64,100" type="sliced" />
								<filledsprite depth="3" name="BarContent" pos="3,-3" color="64,164,223,150" height="37" width="79" type="filled" fill="2" />
								<sprite depth="4" name="Icon" atlas="{staticonatlas|once}" sprite="{staticon|once}" size="32,32" pos="4,-6" foregroundlayer="true"/>
								<label depth="6" name="TextContent" pos="15,-8" font_size="28" color="[white]" justify="center" pivot="topleft" text="{playerwater}" height="30" controller="PlayerStatsWindow"/>
							</rect>
						</grid>
					</rect>

					<rect name="rect_Detailed" visible="{showstats}">
						<grid name="hud" pos="0,-94" rows="1" cols="2" width="171" cell_width="85" cell_height="46" repeat_content="false" side="left" >
							<rect width="84" height="43" controller="HUDStatBar" stat_type="Food" visible="{statvisible}">
								<sprite depth="1" name="border" color="0,0,0,100" height="43" type="sliced"/>
								<sprite depth="2" pos="3,-3"  name="background" height="37" width="81" color="64,64,64,100" type="sliced" />
								<sprite depth="3" pos="3,-3"  color="0,128,0,150" type="filled" height="37" width="79" fill="{playerfoodfill}" controller="PlayerStatsWindow" />
								<sprite depth="4" name="Icon" atlas="{staticonatlas|once}" sprite="{staticon|once}" size="30,30" pos="4,-6" foregroundlayer="true"/>
								<label depth="6" name="TextContent" pos="15,-8" font_size="20" color="[white]" justify="center" pivot="topleft" text="{playermodifiedcurrentfood}/{playerfoodmax}" height="30" />
							</rect>

							<rect width="84" height="43" controller="HUDStatBar" stat_type="Water" visible="{statvisible}">
								<sprite depth="1" name="border" color="0,0,0,100" height="43" width="84" type="sliced" />
								<sprite depth="2" pos="3,-3"  name="background" height="37" width="81" color="64,64,64,100" type="sliced" />
								<filledsprite depth="3" name="BarContent" pos="3,-3" color="64,164,223,150" height="37" width="79" type="filled" fill="2" />
								<sprite depth="4" name="Icon" atlas="{staticonatlas|once}" sprite="{staticon|once}" size="30,30" pos="4,-6" foregroundlayer="true"/>
								<label depth="6" name="TextContent" pos="15,-8" font_size="20" color="[white]" justify="center" pivot="topleft" text="{playermodifiedcurrentwater}/{playerwatermax}" height="30" />
							</rect>
						</grid>
					</rect>

					<rect name="rect_Water" visible="{showcore}">
						<rect width="171" height="43" pos="0,-94" controller="HUDStatBar" stat_type="Water" visible="{statvisible}">
							<sprite depth="1" name="border" color="0,0,0,128" type="sliced" />
							<sprite depth="2" name="background" color="0,0,0,140" type="sliced" />
							<filledsprite depth="3" name="BarContent" color="64,164,223,150" width="169" type="filled" fill="2" />
							<sprite depth="6" name="Icon" atlas="{staticonatlas|once}" sprite="{staticon|once}" size="32,32" pos="8,-6" foregroundlayer="true"/>
							<label depth="7" name="TextContent" pos="0,-8" font_size="28" color="[white]" justify="center" pivot="topleft" text="{playermodifiedcurrentwater}/{playerwatermax}" height="30"/>
						</rect>
					</rect>
				</rect>
			</rect>

			<rect name="hud" pos="9999,9999" side="left" controller="BuffPopoutList" pivot="BottomLeft" >
				<panel width="168" height="43" name="item" visible="false" pivot="right" disableautobackground="true" pos="70, 0" >
					<sprite depth="3" pos="0,0"  name="Background" sprite="ui_game_popup" height="43" width="162" pivot="center" flip="Horizontally" color="[transparent]" />
					<sprite depth="4" name="Icon" size="36,32" pos="-58,0" pivot="center" color="[transparent]"/>
					<label depth="6" name="TextContent" pos="0,0" font_size="28" color="[white]" justify="center" height="30" pivot="center"/>
				</panel>
			</rect>
		</window>

		<window name="S420ActiveBuffsWindow" pos="6,283" Controller="ActiveBuffWindow" width="320" >
			<button name="pageDown" size="1,1" pos="9999,9999" />
			<label name="pageNumber" pos="9999,9999" width="1" height="1" />
			<button name="pageUp" size="1,1" pos="9999,9999" />

			<rect name="buffs" controller="ActiveBuffList">
				<panel height="43" controller="ActiveBuffEntry" width="314" disableautobackground="true" >	
					<sprite depth="0" name="background" color="[transparent]" />
					<sprite depth="2" name="Icon" sprite="{bufficon|once}" color="{buffcolor}" style="icon32px" pos="9,-5"/>
					<label depth="2" pos="49,-8" width="280" height="30" text="{buffname|once}  [DECEA3]{buffdisplayinfo}[-]" font_size="28" pivot="topleft" effect="outline" />
				</panel>

				<panel pos="0,45" height="43" controller="ActiveBuffEntry" width="314" disableautobackground="true" >	
					<sprite depth="0" name="background" color="[transparent]" />
					<sprite depth="2" name="Icon" sprite="{bufficon|once}" color="{buffcolor}" style="icon32px" pos="9,-5"/>
					<label depth="2" pos="49,-8" width="280" height="30" text="{buffname|once}  [DECEA3]{buffdisplayinfo}[-]" font_size="28" pivot="topleft" effect="outline" />
				</panel>

				<panel pos="0,90" height="43" controller="ActiveBuffEntry" width="314" disableautobackground="true" >	
					<sprite depth="0" name="background" color="[transparent]" />
					<sprite depth="2" name="Icon" sprite="{bufficon|once}" color="{buffcolor}" style="icon32px" pos="9,-5"/>
					<label depth="2" pos="49,-8" width="280" height="30" text="{buffname|once}  [DECEA3]{buffdisplayinfo}[-]" font_size="28" pivot="topleft" effect="outline" />
				</panel>

				<panel pos="0,135" height="43" controller="ActiveBuffEntry" width="314" disableautobackground="true" >	
					<sprite depth="0" name="background" color="[transparent]" />
					<sprite depth="2" name="Icon" sprite="{bufficon|once}" color="{buffcolor}" style="icon32px" pos="9,-5"/>
					<label depth="2" pos="49,-8" width="280" height="30" text="{buffname|once}  [DECEA3]{buffdisplayinfo}[-]" font_size="28" pivot="topleft" effect="outline" />
				</panel>

				<panel pos="0,180" height="43" controller="ActiveBuffEntry" width="314" disableautobackground="true" >	
					<sprite depth="0" name="background" color="[transparent]" />
					<sprite depth="2" name="Icon" sprite="{bufficon|once}" color="{buffcolor}" style="icon32px" pos="9,-5"/>
					<label depth="2" pos="49,-8" width="280" height="30" text="{buffname|once}  [DECEA3]{buffdisplayinfo}[-]" font_size="28" pivot="topleft" effect="outline" />
				</panel>

				<panel pos="0,225" height="43" controller="ActiveBuffEntry" width="314" disableautobackground="true" >	
					<sprite depth="0" name="background" color="[transparent]" />
					<sprite depth="2" name="Icon" sprite="{bufficon|once}" color="{buffcolor}" style="icon32px" pos="9,-5"/>
					<label depth="2" pos="49,-8" width="280" height="30" text="{buffname|once}  [DECEA3]{buffdisplayinfo}[-]" font_size="28" pivot="topleft" effect="outline" />
				</panel>

				<panel pos="0,270" height="43" controller="ActiveBuffEntry" width="314" disableautobackground="true" >	
					<sprite depth="0" name="background" color="[transparent]" />
					<sprite depth="2" name="Icon" sprite="{bufficon|once}" color="{buffcolor}" style="icon32px" pos="9,-5"/>
					<label depth="2" pos="49,-8" width="280" height="30" text="{buffname|once}  [DECEA3]{buffdisplayinfo}[-]" font_size="28" pivot="topleft" effect="outline" />
				</panel>

				<panel pos="0,315" height="43" controller="ActiveBuffEntry" width="314" disableautobackground="true" >	
					<sprite depth="0" name="background" color="[transparent]" />
					<sprite depth="2" name="Icon" sprite="{bufficon|once}" color="{buffcolor}" style="icon32px" pos="9,-5"/>
					<label depth="2" pos="49,-8" width="280" height="30" text="{buffname|once}  [DECEA3]{buffdisplayinfo}[-]" font_size="28" pivot="topleft" effect="outline" />
				</panel>
			</rect>
		</window>
	</append>
</configs>
