<configs>
	<!-- vehicle storage max is 90 slots in vanilla -->
	<!-- vehicleBicycle storage -->
	<set xpath="/lootcontainers/lootcontainer[@id='76']/@size">10,9</set>
	<!-- vehicleMinibike storage -->
	<set xpath="/lootcontainers/lootcontainer[@id='77']/@size">10,9</set>
	<!-- vehicleMotorcycle storage -->
	<set xpath="/lootcontainers/lootcontainer[@id='78']/@size">10,9</set>
	<!-- vehicle4x4Truck storage -->
	<set xpath="/lootcontainers/lootcontainer[@id='79']/@size">10,9</set>
	<!-- vehicleGyrocopter storage -->
	<set xpath="/lootcontainers/lootcontainer[@id='80']/@size">10,9</set>
</configs>