<xui>
	<ruleset name="default" scale="1.255" stackpanel_scale="1.05">
	
		<window_group name="crafting" controller="XUiC_CraftingWindowGroup">
			<window name="windowCraftingList"/>
			<window name="craftingInfoPanel"/>
<!-- S420 Start -->
			<!--window name="windowCraftingQueue"/--> <!--Stock-->
			<window name="S420windowCraftingQueue"/>
<!-- S420 End -->
		</window_group>
		
		<window_group name="character" controller="XUiC_CharacterSheetWindowGroup">
			<window name="CharacterFrameWindow"/>
			<window name="buffInfoPanel"/>
			<window name="PlayerStatsWindow" />
			<window name="ActiveBuffsWindow" />
		</window_group>		
		
		<window_group name="workstation_campfire" controller="XUiC_WorkstationWindowGroup">
			<window name="windowCraftingList"/>
			<window name="craftingInfoPanel"/>
<!-- S420 Start -->
			<!--window name="windowCraftingQueue"/--> <!--Stock-->
			<window name="S420windowCraftingQueue"/>
			<window name="windowToolsCampfire" />
			<window name="windowFuel" />
			<!--window name="windowOutput" /--> <!--Stock-->
			<window name="S420windowOutput" />
<!-- S420 End -->
			<window name="windowNonPagingHeader" />
		</window_group>
		
		<window_group name="workstation_forge" controller="XUiC_WorkstationWindowGroup">
			<window name="windowCraftingList"/>
			<window name="craftingInfoPanel"/>
<!-- S420 Start -->
			<!--window name="windowCraftingQueue"/--> <!--Stock-->
			<window name="S420windowCraftingQueue"/>
			<window name="windowToolsForge" />
			<window name="windowFuel" />
			<!--window name="windowForgeInput" /--> <!--Stock-->
			<window name="S420windowForgeInput" />
			<!--window name="windowOutput" /--> <!--Stock-->
			<window name="S420windowOutput" />
<!-- S420 End -->
			<window name="windowNonPagingHeader" />
		</window_group>
		
		<window_group name="workstation_cementMixer" controller="XUiC_WorkstationWindowGroup">
			<window name="windowCraftingList"/>
			<window name="craftingInfoPanel"/>
<!-- S420 Start -->
			<!--window name="windowCraftingQueue"/--> <!--Stock-->
			<window name="S420windowCraftingQueue"/>
			<!--window name="windowOutput" /--> <!--Stock-->
			<window name="S420windowOutput" />
<!-- S420 End -->
			<window name="windowNonPagingHeader" />
		</window_group>		
		
		<window_group name="workstation_workbench" controller="XUiC_WorkstationWindowGroup">
			<window name="windowCraftingList"/>
			<window name="craftingInfoPanel"/>
<!-- S420 Start -->
			<!--window name="windowCraftingQueue"/--> <!--Stock-->
			<window name="S420windowCraftingQueue"/>
			<!--window name="windowOutput" /--> <!--Stock-->
			<window name="S420windowOutput" />
<!-- S420 End -->
			<window name="windowNonPagingHeader" />
			<window name="windowCombine" />
		</window_group>				

		<window_group name="workstation_chemistryStation" controller="XUiC_WorkstationWindowGroup">
			<window name="windowCraftingList"/>
			<window name="craftingInfoPanel"/>
<!-- S420 Start -->
			<!--window name="windowCraftingQueue"/--> <!--Stock-->
			<window name="S420windowCraftingQueue"/>
			<window name="windowFuel" />
			<!--window name="windowOutput" /--> <!--Stock-->
			<window name="S420windowOutput" />
<!-- S420 End -->
			<window name="windowNonPagingHeader" />
		</window_group>
		
		<window_group name="looting" left_panel_valign_top="false" controller="XUiC_LootWindowGroup">
			<window name="windowLooting"/>
			<window name="windowNonPagingHeader" />
		</window_group>
		
		<window_group name="creative" controller="XUiC_CreativeWindowGroup">
			<window name="windowCreative" />
		</window_group>
		
		<!--#$-IGS BEGIN: Needed to disable input in new system -$#-->
		<window_group name="backpack" actionSet="false">	
			<window name="itemInfoPanel"/>
			<window name="emptyInfoPanel" />
			<window name="windowBackpack"/>
		</window_group>
		
		<window_group name="dragAndDrop" actionSet="false">
			<window name="dragAndDropItemStack" />
		</window_group>
		
		<window_group name="compass" actionSet="false">
<!-- S420 Start -->
			<!--window name="windowCompass" /--> <!--Stock-->
			<window name="S420windowCompass" />
			<window name="S420ActiveBuffsWindow" anchor="LeftBottom" /> <!-- buff timers - placed here so it disappears when compass does -->
			<window name="S420windowQuestTracker" anchor="RightTop" /> <!-- placed here so it disappears when compass does -->
<!-- S420 End -->
		</window_group>
		
		<window_group name="toolTip" actionSet="false">
			<window name="toolTip" />
			<window name="popupMenu" />
		</window_group>
		
		<window_group name="tipWindow">
			<window name="windowTip" />
		</window_group>
		
		<window_group name="questOffer">
			<window name="windowQuestOffer" />
		</window_group>
		
		<window_group name="timer">
			<window name="windowTimer"/>
		</window_group>
		
		<window_group name="toolbelt" actionSet="false">
<!-- S420 Start -->
			<window name="S420XpBar" anchor="CenterBottom" />
			<!--window name="windowToolbelt" anchor="CenterBottom" /--> <!--Stock-->
			<window name="S420windowToolbelt" anchor="CenterBottom" />
			<!--window name="HUDLeftStatBars" anchor="LeftBottom" /--> <!--Stock-->
			<window name="S420HUDLeftStatBars" anchor="LeftBottom" />
			<!--window name="S420BuffPopoutList" anchor="LeftBottom" /--> <!-- stock like buff list -->
			<window name="HUDRightStatBars" anchor="RightBottom" />
			<!--window name="windowQuestTracker" anchor="RightTop" /--> <!--Stock-->
<!-- S420 End -->
		</window_group>
		
		<window_group name="vehicle" controller="XUiC_VehicleWindowGroup">
			<window name="windowVehicle"/>
			<window name="windowNonPagingHeader" />
			<window name="windowVehicleStats" />
			<window name="windowVehicleStorage" />
		</window_group>
		
		<window_group name="windowpaging" actionSet="false">
			<window name="windowPagingHeader" anchor="CenterTop"/>
		</window_group>

		<window_group name="map">
			<window name="mapTrackingPopup" />			<!-- keep this on top -->			
			<window name="mapAreaSetWaypoint" />		<!-- keep this on top -->
			<window name="mapAreaChooseWaypoint" />		<!-- keep this on top -->
			<window name="mapAreaEnterWaypointName" />	<!-- keep this on top -->
			<window name="mapArea" />
			<window name="mapTracking" />
			<window name="mapInvites" />
		</window_group>
		
		<window_group name="players">
			<window name="players" />
		</window_group>
		
		<window_group name="assemble" controller="XUiC_AssembleWindowGroup">
			<window name="windowAssemble" />
			<window name="windowNonPagingHeader" />
		</window_group>

		<window_group name="radial" actionSet="keyboard">
			<window name="windowRadial"/>
		</window_group>
		
		<window_group name="skills" controller="XUiC_SkillWindowGroup">
			<window name="windowSkillList"/>
			<window name="windowSkillInfo"/>
			<!-- <window name="windowSkillStats"/> -->
		</window_group>
		<!--#$-IGS END-$#-->
		
		<window_group name="quests" controller="XUiC_QuestWindowGroup">
			<window name="windowQuestList" />
			<window name="windowQuestDescription" />
			<window name="windowQuestObjectives" />
			<window name="windowQuestRewards" />
		</window_group>
		
		<window_group name="journal" controller="XUiC_JournalWindowGroup">
			<window name="windowJournalList" />
			<window name="windowJournalEntryDescription" />
		</window_group>
		
		<window_group name="profiles">
			<window name="windowArchetypePreview"/>
		</window_group>
		
		<window_group name="archetypes" controller="XUiC_ArchetypesWindowGroup" stack_panel_y_offset="332">
			<window name="windowArchetypePreview2"/>
			<window name="windowSliders"/>
			<window name="windowColorPicker"/>
		</window_group>
		
		<!--#$-IGS BEGIN: Adding window to hold gampad callouts -$#-->
		<window_group name="CalloutGroup"  actionSet="false">
			<window name="GamepadCallouts" />
		</window_group>
		<!--*#$-IGS END.-$#-->

		<window_group name="trader" controller="XUiC_TraderWindowGroup">
			<window name="windowTrader"/>
			<window name="windowNonPagingHeader" />
			<window name="serviceInfoPanel"/>
		</window_group>
		
		<window_group name="sign">
			<window name="windowSignEdit" />
		</window_group>
		
		<window_group name="powersource" controller="XUiC_PowerSourceWindowGroup">
			<window name="windowPowerSourceStats" />
			<window name="windowPowerSourceSlots" />
			<window name="windowNonPagingHeader" />
		</window_group>
		
		<window_group name="powertrigger" controller="XUiC_PowerTriggerWindowGroup">
			<window name="windowPowerTriggerOptions" />
			<window name="windowPowerCameraControlPreview" />
			<window name="windowNonPagingHeader" />
		</window_group>
		
		<window_group name="powerrangedtrap" controller="XUiC_PowerRangedTrapWindowGroup">
			<window name="windowPowerRangedTrapOptions" />
			<window name="windowPowerTrapSlots" />
			<window name="windowPowerCameraControlPreview" />
			<window name="windowNonPagingHeader" />
			
		</window_group>
		
		<window_group name="powercamera" controller="XUiC_PowerCameraWindowGroup" actionSet="controller">
			<window name="windowPowerCameraControl" />
			<window name="windowNonPagingHeader" />
		</window_group>
		
		<window_group name="powerspotlight" controller="XUiC_PoweredSpotlightWindowGroup">
			<window name="windowPowerCameraControlPreview" />
			<window name="windowNonPagingHeader" />
		</window_group>

		<window_group name="materials">
			<window name="windowMaterials" />
			<window name="windowMaterialInfo" />
		</window_group>

		<window_group name="spawnMenu">
			<window name="spawnMenu" />
		</window_group>
		
		<window_group name="ingameMenu">
			<window name="ingameMenu" />
		</window_group>
		
		<window_group name="woPropsSleeperVolume">
			<window name="woPropsSleeperVolume" />
		</window_group>
		
		<window_group name="editorPanelSelector">
			<window name="editorPanelSelector" />
		</window_group>
		
		<window_group name="ingameDebugMenu">
			<window name="ingameDebugMenu" />
		</window_group>
		
		<window_group name="levelTools">
			<window name="levelTools" />
		</window_group>
		
		<window_group name="prefabList">
			<window name="prefabList" />
		</window_group>
		
	</ruleset>
</xui>
