<configs>

<append xpath="/windows">

	<window name="RWSUI_ToolBelt10" anchor="CenterBottom" pos="-376,96" cursor_area="true">
		<rect name="windowToolbelt" width="753" height="78" depth="5" backgroundcolor="[black]" controller="ToolbeltWindow" standard_xp_color="[rwsui_xpbar_standard_color]" updating_xp_color="[rwsui_xpbar_updating_color]" deficit_xp_color="[rwsui_xpbar_deficit_color]" xp_fill_speed="2.5" >

			<sprite depth="8" name="backgroundMain" sprite="menu_empty3px" color="[black]" type="sliced" fillcenter="false" on_press="true" gamepad_selectable="false" />
			
			<!--Toolbelt-->
			<rwsui_toolbelt pos="3,-3" cols="10" clear_inventory1_pos="800,-32" clear_inventory2_pos="800,50"/>

			<!--XP Bar-->
			<rwsui_toolbelt_xpBar pos="0,-77" filldirection="horizontal" width="753" height="18" barBackground_color="[rwsui_xpbar_background_color]" sprite="ui_game_symbol_trophy" icon_color="[rwsui_xpbar_icon_color]" icon_size="14,14" icon_pos="${Round(width/2, 0)-50},-9" text="{# localization('xuiLevel')}    {cvar($LastPlayerLevel)}" text_pos="0,-1" text_width="749" font_size="16" text_height="16" text_color="[rwsui_xpbar_text_color]" textOutline_color="[rwsui_xpbar_textOutline_color]" textOutline_size="[rwsui_xpbar_textOutline_size]" text_justify="center" />

		</rect>
	</window>

	<window name="RWSUI_ToolBelt12" anchor="CenterBottom" pos="-451,96" cursor_area="true">
		<rect name="windowToolbelt" width="903" height="78" depth="5" backgroundcolor="[black]" controller="ToolbeltWindow" standard_xp_color="[rwsui_xpbar_standard_color]" updating_xp_color="[rwsui_xpbar_updating_color]" deficit_xp_color="[rwsui_xpbar_deficit_color]" xp_fill_speed="2.5" >

			<sprite depth="8" name="backgroundMain" sprite="menu_empty3px" color="[black]" type="sliced" fillcenter="false" on_press="true" gamepad_selectable="false" />
			
			<!--Toolbelt-->
			<rwsui_toolbelt pos="3,-3" cols="12" clear_inventory1_pos="950,-32" clear_inventory2_pos="950,50"/>

			<!--XP Bar-->
			<rwsui_toolbelt_xpBar pos="0,-77" filldirection="horizontal" width="903" height="18" barBackground_color="[rwsui_xpbar_background_color]" sprite="ui_game_symbol_trophy" icon_color="[rwsui_xpbar_icon_color]" icon_size="14,14" icon_pos="${Round(width/2, 0)-50},-9" text="{# localization('xuiLevel')}    {cvar($LastPlayerLevel)}" text_pos="0,-1" text_width="899" font_size="16" text_height="16" text_color="[rwsui_xpbar_text_color]" textOutline_color="[rwsui_xpbar_textOutline_color]" textOutline_size="[rwsui_xpbar_textOutline_size]" text_justify="center" />

		</rect>
	</window>

	<window name="RWSUI_ToolBelt15" anchor="CenterBottom" pos="-563,96" cursor_area="true">
		<rect name="windowToolbelt" width="1128" height="78" depth="5" backgroundcolor="[black]" controller="ToolbeltWindow" standard_xp_color="[rwsui_xpbar_standard_color]" updating_xp_color="[rwsui_xpbar_updating_color]" deficit_xp_color="[rwsui_xpbar_deficit_color]" xp_fill_speed="2.5" >

			<sprite depth="8" name="backgroundMain" sprite="menu_empty3px" color="[black]" type="sliced" fillcenter="false" on_press="true" gamepad_selectable="false" />
			
			<!--Toolbelt-->
			<rwsui_toolbelt pos="3,-3" cols="15" clear_inventory1_pos="1175,-32" clear_inventory2_pos="1175,50"/>

			<!--XP Bar-->
			<rwsui_toolbelt_xpBar pos="0,-77" filldirection="horizontal" width="1128" height="18" barBackground_color="[rwsui_xpbar_background_color]" sprite="ui_game_symbol_trophy" icon_color="[rwsui_xpbar_icon_color]" icon_size="14,14" icon_pos="${Round(width/2, 0)-50},-9" text="{# localization('xuiLevel')}    {cvar($LastPlayerLevel)}" text_pos="17,-1" text_width="1124" font_size="16" text_height="16" text_color="[rwsui_xpbar_text_color]" textOutline_color="[rwsui_xpbar_textOutline_color]" textOutline_size="[rwsui_xpbar_textOutline_size]" text_justify="center" />

		</rect>
	</window>

</append>

</configs>