<configs>

<append xpath="//ruleset">

		<window_group name="workstation_RWBindingBench" controller="XUiC_WorkstationWindowGroup" open_backpack_on_open="true" close_compass_on_open="true" defaultSelected="bp.content">
			<window name="windowCraftingList"/>
			<window name="craftingInfoPanel"/>
			<window name="windowCraftingQueue"/>
			<window name="windowOutput" />
			<window name="windowNonPagingHeader" />
		</window_group>

</append>

<!--Fixes for if SMXui is installed -->
<conditional>
	<if cond="mod_loaded('zSMXui')">
		<set xpath="//ruleset/window_group[@name='workstation_RWBindingBench']/window[@name='windowCraftingList']/@name">windowCraftingListWorkstation</set>
		<set xpath="//ruleset/window_group[@name='workstation_RWBindingBench']/window[@name='windowCraftingQueue']/@name">windowCraftingQueueWorkstation</set>
	</if>
</conditional>

</configs>