<configs>
	<append xpath="/windows">
		<!-- XP Bar and Icons with counters around toolbelt -->
		<window name="S420XpBar" width="683" height="12" pos="-323,103" controller="ToolbeltWindow" visible="{ToolbeltVisible}" >
		
			<rect pos="-35,12" width="32" height="32" >
				<sprite depth="4" name="windowIcon" width="32" height="32" pos="0,0" sprite="ui_game_symbol_trophy" color="[white_half_alpha]" />
				<label depth="6" name="levelNumber" pos="2,-4" width="28" height="28" text="{playerlevel}" color="[white]" justify="center" controller="PlayerStatsWindow" effect="outline" />
			</rect>

			<rect pos="-35,-65" width="32" height="32" >
				<sprite depth="4" name="windowIcon" width="32" height="32" pos="0,0" sprite="ui_game_symbol_death" color="[white_half_alpha]" />
				<label depth="6" name="deathNumber" pos="2,-4" width="28" height="28" text="{playerdeaths}" color="[white]" justify="center" controller="PlayerStatsWindow" effect="outline" />
			</rect>

			<rect width="683" height="12" controller="HUDStatBar" stat_type="Stamina" visible="{statvisible}">
				<sprite depth="1" name="border" color="0,0,0,100" height="12" type="sliced"/>
				<sprite depth="2" pos="2,-2"  name="background" height="8" width="679" color="64,64,64,100" type="sliced" />
				<sprite depth="3" pos="2,-2" height="8" width="679" color="{xpcolor}" sprite="menu_empty3px" foregroundlayer="true" type="filled" fill="{xp}" />
			</rect>

			<rect pos="685,12" width="32" height="32" >
				<sprite depth="4" name="windowIcon" width="32" height="32" pos="0,0" sprite="ui_game_symbol_zombie" color="[white_half_alpha]" />
				<label depth="6" name="ZkillNumber" pos="2,-4" width="28" height="28" text="{playerzombiekills}" color="[white]" justify="center" controller="PlayerStatsWindow" effect="outline" />
			</rect>

			<rect pos="685,-65" width="32" height="32" >
				<sprite depth="4" name="windowIcon" width="32" height="32" pos="0,0" sprite="ui_game_symbol_knife" color="[white_half_alpha]" />
				<label depth="6" name="PkillNumber" pos="2,-4" width="28" height="28" text="{playerpvpkills}" color="[white]" justify="center" controller="PlayerStatsWindow" effect="outline" />
			</rect>
		</window>
		<!-- Toolbelt with key numbers -->
		<window name="S420windowToolbelt" width="683" height="88" depth="5" anchor="CenterBottom" pos="-323, 91" backgroundcolor="[black]" controller="ToolbeltWindow" visible="{toolbeltvisible}" cursor_area="true" xp_fill_speed="2.5" >

			<rect>
				<sprite depth="8" name="backgroundMain" sprite="menu_empty3px" color="[black]" type="sliced" fillcenter="false" on_press="true" />
				<grid depth="1" name="inventory" rows="1" cols="8" pos="3,-3" cell_width="85" cell_height="85" controller="Toolbelt" repeat_content="true">
					<S420_item_stack name="0"/>
				</grid>

				<grid depth="9" rows="1" cols="8" pos="6,-3" cell_width="85" cell_height="85" repeat_content="false">
					<label depth="50" width="12" height="22" text="1" font_size="22" effect="outline" color="[white]" justify="center" />
					<label depth="50" width="12" height="22" text="2" font_size="22" effect="outline" color="[white]" justify="center" />
					<label depth="50" width="12" height="22" text="3" font_size="22" effect="outline" color="[white]" justify="center" />
					<label depth="50" width="12" height="22" text="4" font_size="22" effect="outline" color="[white]" justify="center" />
					<label depth="50" width="12" height="22" text="5" font_size="22" effect="outline" color="[white]" justify="center" />
					<label depth="50" width="12" height="22" text="6" font_size="22" effect="outline" color="[white]" justify="center" />
					<label depth="50" width="12" height="22" text="7" font_size="22" effect="outline" color="[white]" justify="center" />
					<label depth="50" width="12" height="22" text="8" font_size="22" effect="outline" color="[white]" justify="center" />
				</grid>
			</rect>
		</window>
	</append>
</configs>
